<?xml version="1.0" encoding="UTF-8"?>
<beans xmlns="http://www.springframework.org/schema/beans"
	xmlns:mvc="http://www.springframework.org/schema/mvc"
    xmlns:xsi="http://www.w3.org/2001/XMLSchema-instance"
    xsi:schemaLocation="http://www.springframework.org/schema/beans
        https://www.springframework.org/schema/beans/spring-beans.xsd
        http://www.springframework.org/schema/mvc
        https://www.springframework.org/schema/mvc/spring-mvc.xsd">
	
    <bean id="/index" class="com.newlecture.web.controller.IndexController"/>
    <bean id="/notice/list" class="com.newlecture.web.controller.notice.ListController"/>
    <bean id="/notice/detail" class="com.newlecture.web.controller.notice.DetailController"/>
      
    <bean class="org.springframework.web.servlet.view.InternalResourceViewResolver">
    	<property name="prefix" value="/WEB-INF/view/"></property>
    	<property name="suffix" value=".jsp"></property>
    </bean>
	
	<mvc:resources location="/static/" mapping="/**"></mvc:resources>
	    

</beans>